{"K_0_H_task1_M_(0, 0)_C_(-1, -1)_EX_nw": [0.32477493729999984, 0.07086999999999986, 2.1753697868779374, 0.4468945159502499, 11.717700318457034, 3.6742765504405996], "K_0_H_task1_M_(0, 0)_C_(-1, 0)_EX_nw": [44.79608388289148, 7.475493765440651, 0.0, 7.923749368544697, 1.5511715455000001, 0.0], "K_1_H_task1_M_(0, 0)_C_(-1, 0)_EX_nw": [2.511990000000001, 18.32851041791559, 91.534193380584, 20.986013983846412, 13.319026315290001, 0.0], "K_1_H_task1_M_(0, 0)_C_(-1, 1)_EX_nw": [200.78788816972667, 26.922000000000004, 0.0, 72.95862000000001, 0.0, 0.0], "TERMINAL": [0.0, 0.0, 0.0, 0.0, 0.0, 0.0], "K_0_H_task2_M_(-1, -1)_C_(-1, 0)_EX_w": [-0.04100000000000002, 1.9221068178801985, 13.84916797065829, 2.0828695007329743, 3.52418932870261, -0.01821261308875], "K_0_H_task2_M_(-1, 0)_C_(-1, 1)_EX_w": [1.3433589422917724, 0.0, 12.932120895446229, 0.0, 22.456730070273913, 0.789239855395951], "K_0_H_task2_M_(0, 0)_C_(-1, 1)_EX_w": [9.085015916738705, 0.671961189008743, 0.0, 0.8904981364690846, 1.7911386430310026, 0.0], "K_0_H_task2_M_(0, 0)_C_(-1, 0)_EX_w": [8.788177079010737, 1.8314253674398753, 1.9988798290202938, 1.5660550699048112, 0.9816673761969812, 0.0], "K_1_H_task2_M_(0, 0)_C_(-1, 0)_EX_w": [0.3014771661573125, 6.379527051629592, 2.747346264354421, 2.3002224025387963, 2.4973038764458897, 1.4422119313521766], "K_1_H_task2_M_(0, 0)_C_(-1, -1)_EX_w": [34.14293867066134, 6.236147580328247, 0.0, 6.236147580328247, 6.825763664100462, 0.0], "K_1_H_task2_M_(0, 0)_C_(0, -1)_EX_w": [40.08883125026519, 0.0, 8.476043065000002, 16.06731124115667, 6.661497850000002, 93.93023048505587], "K_1_H_task2_M_(0, 0)_C_(1, -1)_EX_w": [193.85928152424432, 0.0, 25.993000000000002, 49.386700000000005, 70.44103000000001, 0.0], "K_0_H_task2_M_(0, -1)_C_(-1, 0)_EX_w": [0.4920000000000001, 0.0, 0.0, 0.0, 0.0, 0.0], "K_0_H_task2_M_(-1, -1)_C_(-1, -1)_EX_w": [0.05460407275000001, 0.0, 0.0, 0.44969258917353483, 0.0, 0.0], "K_0_H_task3_start_M_(0, 0)_C_(0, 0)_EX_ew": [12.485864796833765, 2.760089813234451, 1.0521720725, 0.0, 1.4362690127556756, 1.2573500232775665], "K_0_H_task3_hall_M_(-1, 0)_C_(0, 0)_EX_ew": [0.0, 1.5626015853926654, 5.308340641604991, 1.8962776400594756, 10.163466471181467, -0.009], "K_0_H_task1_M_(0, 0)_C_(0, 0)_EX_ew": [2.1274257417960034, 9.068913083529171, 3.961191961050982, 4.694881916272112, 1.0161061806157388, 1.4622159480246886], "K_0_H_task3_key_M_(0, 0)_C_(-1, 1)_EX_e": [3.076864108987039, 4.63826216973657, 0.0, 1.4710592372285416, 0.46512259075381, 0.7687724355986241], "K_0_H_task3_key_M_(0, 0)_C_(-1, 0)_EX_e": [2.9517126627967434, 3.2677126712826685, 11.899784255153046, 2.732019453462053, 1.4285076867665, 3.8619462451448956], "K_1_H_task3_key_M_(0, 0)_C_(-1, 0)_EX_e": [11.20052060230152, 3.556624517390001, 4.620027009887301, 37.124449968738176, 8.10129157087124, 1.874224453], "K_1_H_task1_M_(0, 0)_C_(0, 0)_EX_ew": [0.7719999999999999, 20.418385270600005, 102.20430801298586, 24.235328021560665, 16.351979735067403, 4.702800402613315], "K_1_H_task3_start_M_(0, 0)_C_(0, 0)_EX_ew": [199.66916804397601, 0.0, 26.772000000000006, 72.55212000000002, 0.0, 1.4164128700000003], "K_1_H_task3_key_M_(0, 0)_C_(-1, 1)_EX_e": [1.906224453, 13.179917956330772, 0.0, 0.0, 1.906224453, 0.0], "K_0_H_task3_hall_M_(-1, -1)_C_(0, 0)_EX_ew": [0.712746617651849, 0.0, 0.0, 0.0, 0.0, 0.0], "K_0_H_task4_west_M_(0, 0)_C_(0, 0)_EX_e": [6.430158045985849, 0.0, 0.0, 1.4494021362582883, 2.51678456482702, 0.0], "K_0_H_task4_center_M_(0, 0)_C_(0, 0)_EX_nw": [7.8077400175536065, 0.0, 0.0, 0.0, 1.494927945671096, 0.0], "K_0_H_task4_north_M_(0, 0)_C_(0, -1)_EX_s": [2.4882400000000002, 0.0, 9.492243432226365, 0.0, 1.1933727221500001, 0.0], "K_1_H_task4_north_M_(0, 0)_C_(0, -1)_EX_s": [7.116294475530547, 0.0, 3.738587728833992, 0.0, 0.0, 0.0], "K_1_H_task4_center_M_(0, 0)_C_(0, 0)_EX_nw": [0.0, 0.0, 0.0, 0.0, 0.0, 11.77352973652413], "K_1_H_task4_west_M_(0, 0)_C_(0, 0)_EX_e": [4.028709632175972, 2.1067048604086183, 1.7406686750000013, 0.0, 0.0, 18.416403785482284], "K_1_H_task4_center_M_(0, 0)_C_(0, 0)_EX_ew": [15.80033247206513, 1.9958816641250003, 0.0, 3.0229591589458886, 0.0, 0.0], "K_1_H_task4_east_M_(0, 0)_C_(1, 0)_EX_w": [14.980743076018763, 3.066411593247915, 0.0, 2.125854890000001, 0.0, 2.224927684864833], "K_1_H_task4_center_M_(0, 0)_C_(0, 0)_EX_sw": [10.384412983061843, 0.0, 1.8832000080465001, 0.0, 0.0, 0.0], "K_1_H_task4_south_M_(0, 1)_C_(0, 0)_EX_n": [0.0, 6.944061186165, 0.0, 23.253569636287356, 3.17610741, 0.0], "K_1_H_task4_south_M_(0, 0)_C_(0, 0)_EX_n": [0.0, 13.589832092435001, 44.21152262897001, 0.0, 9.285423515000002, 10.873766163500001], "K_1_H_task4_center_M_(0, 0)_C_(0, -1)_EX_sw": [145.1340408757, 0.0, 0.0, 48.41770000000001, 0.0, -0.02500000000000001], "K_1_H_task4_center_M_(0, 0)_C_(-1, -1)_EX_sw": [0.0, 0.0, 0.0, 0.0, 3.4635611861650006, 0.0]}