{"K_0_H_task4_west_M_(0, 0)_C_(0, 0)_EX_e": [227.11769941906473, 47.83767929758362, 56.492953362558225, 27.036517756623923, 65.86808590965099, 34.37187390589514], "K_0_H_task4_center_M_(0, 0)_C_(0, 0)_EX_nw": [234.12337155120352, 60.07527756913167, 68.7125093239216, 89.51373256585296, 80.04754021849071, 46.730831672806495], "K_0_H_task4_north_M_(0, 0)_C_(0, -1)_EX_s": [97.49270355699585, 31.279547087326172, 60.77616988265153, 241.05878785244556, 38.41454540763323, 59.93140989587324], "K_1_H_task4_north_M_(0, 0)_C_(0, -1)_EX_s": [135.0303805487906, 115.03487452644337, 141.4134084322043, 242.67523246592899, 119.9795242716977, 148.05462426378722], "K_1_H_task4_center_M_(0, 0)_C_(0, 0)_EX_nw": [103.77563818050655, 135.9355405582865, 169.3255588316227, 151.3153845223447, 248.25622044413103, 150.85544899153678], "K_1_H_task4_west_M_(0, 0)_C_(0, 0)_EX_e": [120.98623029979863, 100.43929534131118, 97.73663785303705, 118.66805983381964, 165.6422050667798, 254.6689980033554], "K_1_H_task4_center_M_(0, 0)_C_(0, 0)_EX_ew": [246.70525108184756, 138.60020422231378, 115.61005517511308, 67.91644385355431, 126.64546595308855, 140.8955286945667], "K_1_H_task4_east_M_(0, 0)_C_(1, 0)_EX_w": [250.7063245194322, 115.75023310980384, 7.856805542335108, 61.63490499606644, 62.880430572849214, 117.02438988354135], "K_1_H_task4_center_M_(0, 0)_C_(0, 0)_EX_sw": [256.00422760220187, 121.58442850849433, 96.39135723409818, 104.59630164201468, 52.20137505597048, 101.84173129461489], "K_1_H_task4_south_M_(0, 1)_C_(0, 0)_EX_n": [261.0174346432088, 78.48897336684813, 57.72433871199002, 110.13583159175435, 130.29525491771366, 165.34591734751848], "K_1_H_task4_south_M_(0, 0)_C_(0, 0)_EX_n": [124.76218054810074, 83.0532376134139, 250.7000578673186, 138.44538130556643, 135.69361279324673, 159.3603800137501], "K_1_H_task4_center_M_(0, 0)_C_(0, -1)_EX_sw": [254.82999528768136, 87.63603700000002, 69.05893000000002, 182.85848121854679, 139.47336689310777, 12.769220964157137], "TERMINAL": [0.0, 0.0, 0.0, 0.0, 0.0, 0.0], "K_1_H_task4_center_M_(0, 0)_C_(-1, -1)_EX_sw": [-0.015, 55.462994392665756, 0.0, 0.0, 0.0, 0.0], "K_1_H_task4_center_M_(0, 0)_C_(-1, 0)_EX_sw": [156.11588837835, 0.0, 0.0, 0.0, 0.21157712500000003, 0.0]}