{
  "K_0_H_task2_M_(-1, -1)_C_(-1, 0)_EX_w": [
    0.17122790289900325,
    26.968921830661877,
    4.9550818177051,
    6.298451346332828,
    3.1415914386297192,
    -0.01
  ],
  "K_0_H_task2_M_(0, -1)_C_(-1, 0)_EX_w": [
    0.4920000000000001,
    5.2258276268552555,
    0.0,
    0.0,
    0.0,
    0.0
  ],
  "K_0_H_task2_M_(-1, 0)_C_(-1, 1)_EX_w": [
    0.039979516100000015,
    3.2324852081279554,
    34.74804566656591,
    12.437715381102606,
    11.677267236478528,
    1.7289685550754765
  ],
  "K_0_H_task2_M_(0, 0)_C_(-1, 1)_EX_w": [
    32.29671250107169,
    3.048674823070921,
    6.403214777410828,
    2.45073326890671,
    0.0,
    0.655816
  ],
  "K_0_H_task2_M_(0, 0)_C_(-1, 0)_EX_w": [
    1.8339417070976702,
    8.348269589956445,
    46.67384008660357,
    5.488503309783965,
    7.630985238524714,
    0.3806682283432543
  ],
  "K_1_H_task2_M_(0, 0)_C_(-1, 0)_EX_w": [
    8.017287482442834,
    11.810745024221069,
    0.0,
    0.0,
    62.701894737336474,
    2.8664334911544787
  ],
  "K_1_H_task2_M_(0, 0)_C_(-1, -1)_EX_w": [
    92.19225377309402,
    16.173121233970825,
    16.634212417358146,
    16.962037860248873,
    34.558198427527124,
    20.416626455844668
  ],
  "K_1_H_task2_M_(0, 0)_C_(0, -1)_EX_w": [
    10.365809693188947,
    25.632027166344464,
    32.01778669754278,
    138.46068561773862,
    42.60527439208853,
    0.0
  ],
  "K_1_H_task2_M_(0, 0)_C_(1, -1)_EX_w": [
    198.8292015021903,
    60.987352487352,
    81.80684214987959,
    59.40110257433764,
    19.771181423116953,
    45.01603001693016
  ],
  "TERMINAL": [
    0.0,
    0.0,
    0.0,
    0.0,
    0.0,
    0.0
  ],
  "K_0_H_task2_M_(0, 0)_C_(0, 1)_EX_w": [
    2.67206,
    0.0,
    0.0,
    0.0,
    0.0,
    0.0
  ],
  "K_1_H_task2_M_(0, 0)_C_(0, 1)_EX_w": [
    -0.009,
    0.0,
    0.0,
    0.09267606999514606,
    0.0,
    0.0
  ],
  "K_1_H_task2_M_(0, 0)_C_(1, 1)_EX_w": [
    -0.016,
    0.0,
    0.0,
    0.0,
    3.914375929501947,
    1.1555375788962745
  ],
  "K_1_H_task2_M_(0, 0)_C_(1, 0)_EX_w": [
    15.744598956988265,
    11.094869728056644,
    25.792464997552493,
    62.43096308193278,
    10.767469277435127,
    8.084138215210675
  ],
  "K_1_H_task2_M_(0, 0)_C_(1, 0)_EX_": [
    24.588747794549967,
    72.3684743586798,
    22.396157614460396,
    28.78685534372727,
    38.496206672672415,
    14.539716186918579
  ],
  "K_1_H_task2_M_(0, 0)_C_(1, -1)_EX_": [
    52.50300117905507,
    56.208548323545386,
    29.036442703861223,
    64.69634447138195,
    87.85151472851557,
    38.61786466365092
  ],
  "K_0_H_task2_M_(0, 0)_C_(-1, -1)_EX_w": [
    6.440232556153973,
    0.0,
    0.0,
    0.0,
    0.0,
    0.0
  ],
  "K_0_H_task2_M_(-1, -1)_C_(-1, -1)_EX_w": [
    2.024177925252666,
    0.0,
    0.0,
    0.0,
    0.0,
    0.0
  ]
}