{
  "K_0_H_task3_start_M_(0, 0)_C_(0, 0)_EX_ew": [
    31.87594344987354,
    29.656974342073763,
    19.825323625597072,
    0.0,
    41.071219486077794,
    137.39486714771013
  ],
  "K_0_H_task3_hall_M_(-1, 0)_C_(0, 0)_EX_ew": [
    156.00260060905924,
    12.450280726719482,
    6.464539252395432,
    9.4895356933323,
    57.01282005933486,
    2.1920980483332895
  ],
  "K_0_H_task1_M_(0, 0)_C_(0, 0)_EX_ew": [
    69.51043690404079,
    84.93776592483792,
    180.99130539013711,
    39.97755861731182,
    90.66612858059719,
    86.05427679130737
  ],
  "K_0_H_task3_key_M_(0, 0)_C_(-1, 1)_EX_e": [
    209.76801166869987,
    106.773026303507,
    100.19913605639718,
    131.89348126613515,
    83.43228454951867,
    77.34176757389638
  ],
  "K_0_H_task3_key_M_(0, 0)_C_(-1, 0)_EX_e": [
    241.04700012930974,
    45.50566686353033,
    97.07289734620475,
    30.944084594394,
    64.36012015943373,
    2.12943127
  ],
  "K_1_H_task3_key_M_(0, 0)_C_(-1, 0)_EX_e": [
    253.1456091232488,
    94.87426518953458,
    46.54460591013833,
    38.60708835127397,
    46.70175435215243,
    40.55839941303482
  ],
  "K_1_H_task1_M_(0, 0)_C_(0, 0)_EX_ew": [
    260.95974894675254,
    75.91022586134301,
    76.27271663350055,
    101.82411824053113,
    79.27204002688893,
    30.70589799439232
  ],
  "K_1_H_task3_start_M_(0, 0)_C_(0, 0)_EX_ew": [
    109.63401720000002,
    92.06890800000002,
    109.63401720000002,
    139.670353932,
    267.5336137083635,
    20.453427066681808
  ],
  "TERMINAL": [
    0.0,
    0.0,
    0.0,
    0.0,
    0.0,
    0.0
  ],
  "K_0_H_task3_hall_M_(-1, -1)_C_(0, 0)_EX_ew": [
    0.0,
    0.0,
    14.093791203334586,
    10.836079638341621,
    0.0,
    0.0
  ],
  "K_1_H_task3_key_M_(0, 0)_C_(-1, 1)_EX_e": [
    0.0,
    0.0,
    0.0,
    0.0,
    0.0,
    110.21821545949597
  ]
}