{
  "K_0_H_task1_M_(0, 0)_C_(-1, -1)_EX_nw": [
    115.75316775143376,
    25.15301389264896,
    27.888675665385104,
    6.989497911971023,
    22.901411359948966,
    23.63590483787354
  ],
  "K_0_H_task1_M_(0, 0)_C_(-1, 0)_EX_nw": [
    6.983103667515001,
    15.442733153610078,
    2.4538448621681628,
    21.62148460863049,
    179.13866625436862,
    1.899904992952
  ],
  "K_1_H_task1_M_(0, 0)_C_(-1, 0)_EX_nw": [
    95.29993511857494,
    221.63726532362546,
    72.70350055773413,
    77.85590178518927,
    90.83561972109271,
    -2.552999999999985
  ],
  "K_1_H_task1_M_(0, 0)_C_(-1, 1)_EX_nw": [
    265.6386216250564,
    72.95862000000001,
    92.58475800000002,
    26.922000000000004,
    26.922000000000004,
    4.487505898436741
  ],
  "TERMINAL": [
    0.0,
    0.0,
    0.0,
    0.0,
    0.0,
    0.0
  ],
  "K_0_H_task1_M_(0, 0)_C_(-1, 1)_EX_nw": [
    31.281754044961097,
    0.0,
    0.0,
    0.0,
    2.8172461388853,
    0.0
  ],
  "K_1_H_task1_M_(0, 0)_C_(-1, -1)_EX_nw": [
    10.618247055130633,
    0.0,
    0.0,
    0.0,
    0.0,
    0.0
  ]
}